{
  "avg_return": 0.5368344320407786,
  "win_rate": 54.347826086956516,
  "total_return": 47.77639717492184
}