{
  "avg_return": 0.5810620241412312,
  "win_rate": 64.19753086419753,
  "total_return": 47.73223433269678
}