{
  "avg_return": 0.9316686149179968,
  "win_rate": 64.28571428571429,
  "total_return": 95.2053979050447
}