{
  "avg_return": 0.5492525507840198,
  "win_rate": 55.0561797752809,
  "total_return": 46.97474731943607
}