{
  "avg_return": 0.9068481785601377,
  "win_rate": 62.7906976744186,
  "total_return": 95.16726696343906
}