{
  "avg_return": 0.6546895023107799,
  "win_rate": 45.0,
  "total_return": 74.42761981054514
}