{
  "avg_return": 0.5693582880870554,
  "win_rate": 66.25,
  "total_return": 45.410809618712776
}