{
  "avg_return": 0.6754918673526743,
  "win_rate": 51.578947368421055,
  "total_return": 71.5887975945428
}