{
  "avg_return": 0.5063539556825017,
  "win_rate": 68.83116883116884,
  "total_return": 35.33836176463509
}